{
    "objective_type": "synthetic",
    "algorithm_type": "cEI",
    "function_name": "WeldedBeamSO",
    "dimension": 4,
    "n_constraints": 6,
    "gp_kernel": "Gaussian",
    "n_init": 5,
    "n_iters": 100,
    "n_raw_samples": 20000,
    "update_cycle": 1,
    "first_run": 1,
    "last_run": 11,
    "use_cuda": true,
    "optimal_point": [0.205729639770726, 3.47048866582864, 9.03662391069483, 0.205729639770726], 
    "best_feasible_y": 1.72485230854216631
}